-- WaterApp Seed Data
--
-- NOTE: This file is kept for reference only. It is NOT auto-run by Docker.
-- The Docker container only runs init.sql (schema creation) on a fresh volume.
-- All data (users, flats, blocks, billing history) is restored from waterapp-fixed.sql.
--
-- DO NOT mount this file in docker-compose.yml or run it after restoring waterapp-fixed.sql.
-- Doing so generates new random UUIDs for flats/users that will break FK references
-- in the existing billing data (flat_billing, meter_readings, etc.).

-- ============================================================
-- DEFAULT USERS (passwords are bcrypt hash of 'password123')
-- ============================================================

INSERT INTO users (username, password_hash, full_name, role) VALUES
('plumber1', '$2b$10$8K1p/JFx3n3Y3z0K4v6Q5OxjQ4Ir7YRDX3bGgF5v8J5V5V5V5V5V5', 'Ramu Kumar', 'plumber'),
('accountant1', '$2b$10$8K1p/JFx3n3Y3z0K4v6Q5OxjQ4Ir7YRDX3bGgF5v8J5V5V5V5V5V5', 'Lakshmi Devi', 'accountant'),
('admin1', '$2b$10$8K1p/JFx3n3Y3z0K4v6Q5OxjQ4Ir7YRDX3bGgF5v8J5V5V5V5V5V5', 'Ravi Shankar', 'watercommittee');

-- ============================================================
-- BLOCKS
-- ============================================================

INSERT INTO blocks (id, name, display_name) VALUES
('a0000000-0000-0000-0000-000000000001', 'A', 'A Block'),
('a0000000-0000-0000-0000-000000000002', 'B', 'B Block'),
('a0000000-0000-0000-0000-000000000003', 'C', 'C Block'),
('a0000000-0000-0000-0000-000000000004', 'D', 'D Block'),
('a0000000-0000-0000-0000-000000000005', 'E', 'E Block');

-- ============================================================
-- FLATS
-- ============================================================

-- A Block (48 flats)
INSERT INTO flats (block_id, flat_number) VALUES
('a0000000-0000-0000-0000-000000000001', '1101'),
('a0000000-0000-0000-0000-000000000001', '2201'),
('a0000000-0000-0000-0000-000000000001', '3301'),
('a0000000-0000-0000-0000-000000000001', '4401'),
('a0000000-0000-0000-0000-000000000001', '5501'),
('a0000000-0000-0000-0000-000000000001', '6601'),
('a0000000-0000-0000-0000-000000000001', '7701'),
('a0000000-0000-0000-0000-000000000001', '8801'),
('a0000000-0000-0000-0000-000000000001', '1102'),
('a0000000-0000-0000-0000-000000000001', '2202'),
('a0000000-0000-0000-0000-000000000001', '3302'),
('a0000000-0000-0000-0000-000000000001', '4402'),
('a0000000-0000-0000-0000-000000000001', '5502'),
('a0000000-0000-0000-0000-000000000001', '6602'),
('a0000000-0000-0000-0000-000000000001', '7702'),
('a0000000-0000-0000-0000-000000000001', '8802'),
('a0000000-0000-0000-0000-000000000001', '1103'),
('a0000000-0000-0000-0000-000000000001', '2203'),
('a0000000-0000-0000-0000-000000000001', '3303'),
('a0000000-0000-0000-0000-000000000001', '4403'),
('a0000000-0000-0000-0000-000000000001', '5503'),
('a0000000-0000-0000-0000-000000000001', '6603'),
('a0000000-0000-0000-0000-000000000001', '7703'),
('a0000000-0000-0000-0000-000000000001', '8803'),
('a0000000-0000-0000-0000-000000000001', '1104'),
('a0000000-0000-0000-0000-000000000001', '2204'),
('a0000000-0000-0000-0000-000000000001', '3304'),
('a0000000-0000-0000-0000-000000000001', '4404'),
('a0000000-0000-0000-0000-000000000001', '5504'),
('a0000000-0000-0000-0000-000000000001', '6604'),
('a0000000-0000-0000-0000-000000000001', '7704'),
('a0000000-0000-0000-0000-000000000001', '8804'),
('a0000000-0000-0000-0000-000000000001', '1105'),
('a0000000-0000-0000-0000-000000000001', '2205'),
('a0000000-0000-0000-0000-000000000001', '3305'),
('a0000000-0000-0000-0000-000000000001', '4405'),
('a0000000-0000-0000-0000-000000000001', '5505'),
('a0000000-0000-0000-0000-000000000001', '6605'),
('a0000000-0000-0000-0000-000000000001', '7705'),
('a0000000-0000-0000-0000-000000000001', '8805'),
('a0000000-0000-0000-0000-000000000001', '1106'),
('a0000000-0000-0000-0000-000000000001', '2206'),
('a0000000-0000-0000-0000-000000000001', '3306'),
('a0000000-0000-0000-0000-000000000001', '4406'),
('a0000000-0000-0000-0000-000000000001', '5506'),
('a0000000-0000-0000-0000-000000000001', '6606'),
('a0000000-0000-0000-0000-000000000001', '7706'),
('a0000000-0000-0000-0000-000000000001', '8806');

-- B Block (38 flats)
INSERT INTO flats (block_id, flat_number) VALUES
('a0000000-0000-0000-0000-000000000002', '1107'),
('a0000000-0000-0000-0000-000000000002', '2207'),
('a0000000-0000-0000-0000-000000000002', '3307'),
('a0000000-0000-0000-0000-000000000002', '4407'),
('a0000000-0000-0000-0000-000000000002', '5507'),
('a0000000-0000-0000-0000-000000000002', '6607'),
('a0000000-0000-0000-0000-000000000002', '7707'),
('a0000000-0000-0000-0000-000000000002', '8807'),
('a0000000-0000-0000-0000-000000000002', '1108'),
('a0000000-0000-0000-0000-000000000002', '2208'),
('a0000000-0000-0000-0000-000000000002', '3308'),
('a0000000-0000-0000-0000-000000000002', '4408'),
('a0000000-0000-0000-0000-000000000002', '5508'),
('a0000000-0000-0000-0000-000000000002', '6608'),
('a0000000-0000-0000-0000-000000000002', '7708'),
('a0000000-0000-0000-0000-000000000002', '8808'),
('a0000000-0000-0000-0000-000000000002', '1109'),
('a0000000-0000-0000-0000-000000000002', '2209'),
('a0000000-0000-0000-0000-000000000002', '3309'),
('a0000000-0000-0000-0000-000000000002', '4409'),
('a0000000-0000-0000-0000-000000000002', '5509'),
('a0000000-0000-0000-0000-000000000002', '6609'),
('a0000000-0000-0000-0000-000000000002', '7709'),
('a0000000-0000-0000-0000-000000000002', '8809'),
('a0000000-0000-0000-0000-000000000002', '1110'),
('a0000000-0000-0000-0000-000000000002', '2210'),
('a0000000-0000-0000-0000-000000000002', '3310'),
('a0000000-0000-0000-0000-000000000002', '4410'),
('a0000000-0000-0000-0000-000000000002', '5510'),
('a0000000-0000-0000-0000-000000000002', '6610'),
('a0000000-0000-0000-0000-000000000002', '7710'),
('a0000000-0000-0000-0000-000000000002', '1111'),
('a0000000-0000-0000-0000-000000000002', '2211'),
('a0000000-0000-0000-0000-000000000002', '3311'),
('a0000000-0000-0000-0000-000000000002', '4411'),
('a0000000-0000-0000-0000-000000000002', '5511'),
('a0000000-0000-0000-0000-000000000002', '6611'),
('a0000000-0000-0000-0000-000000000002', '7711');

-- C Block (37 flats)
INSERT INTO flats (block_id, flat_number) VALUES
('a0000000-0000-0000-0000-000000000003', '1112'),
('a0000000-0000-0000-0000-000000000003', '2212'),
('a0000000-0000-0000-0000-000000000003', '3312'),
('a0000000-0000-0000-0000-000000000003', '4412'),
('a0000000-0000-0000-0000-000000000003', '5512'),
('a0000000-0000-0000-0000-000000000003', '6612'),
('a0000000-0000-0000-0000-000000000003', '7712'),
('a0000000-0000-0000-0000-000000000003', '1113'),
('a0000000-0000-0000-0000-000000000003', '2213'),
('a0000000-0000-0000-0000-000000000003', '3313'),
('a0000000-0000-0000-0000-000000000003', '4413'),
('a0000000-0000-0000-0000-000000000003', '5513'),
('a0000000-0000-0000-0000-000000000003', '6613'),
('a0000000-0000-0000-0000-000000000003', '7713'),
('a0000000-0000-0000-0000-000000000003', '1114'),
('a0000000-0000-0000-0000-000000000003', '2214'),
('a0000000-0000-0000-0000-000000000003', '3314'),
('a0000000-0000-0000-0000-000000000003', '4414'),
('a0000000-0000-0000-0000-000000000003', '5514'),
('a0000000-0000-0000-0000-000000000003', '6614'),
('a0000000-0000-0000-0000-000000000003', '7714'),
('a0000000-0000-0000-0000-000000000003', '8814'),
('a0000000-0000-0000-0000-000000000003', '1115'),
('a0000000-0000-0000-0000-000000000003', '2215'),
('a0000000-0000-0000-0000-000000000003', '3315'),
('a0000000-0000-0000-0000-000000000003', '4415'),
('a0000000-0000-0000-0000-000000000003', '5515'),
('a0000000-0000-0000-0000-000000000003', '6615'),
('a0000000-0000-0000-0000-000000000003', '7715'),
('a0000000-0000-0000-0000-000000000003', '8815'),
('a0000000-0000-0000-0000-000000000003', '1116'),
('a0000000-0000-0000-0000-000000000003', '2216'),
('a0000000-0000-0000-0000-000000000003', '3316'),
('a0000000-0000-0000-0000-000000000003', '4416'),
('a0000000-0000-0000-0000-000000000003', '5516'),
('a0000000-0000-0000-0000-000000000003', '6616'),
('a0000000-0000-0000-0000-000000000003', '7716');

-- D Block (58 flats)
INSERT INTO flats (block_id, flat_number) VALUES
('a0000000-0000-0000-0000-000000000004', '1117'),
('a0000000-0000-0000-0000-000000000004', '2217'),
('a0000000-0000-0000-0000-000000000004', '3317'),
('a0000000-0000-0000-0000-000000000004', '4417'),
('a0000000-0000-0000-0000-000000000004', '5517'),
('a0000000-0000-0000-0000-000000000004', '6617'),
('a0000000-0000-0000-0000-000000000004', '7717'),
('a0000000-0000-0000-0000-000000000004', '1118'),
('a0000000-0000-0000-0000-000000000004', '2218'),
('a0000000-0000-0000-0000-000000000004', '3318'),
('a0000000-0000-0000-0000-000000000004', '4418'),
('a0000000-0000-0000-0000-000000000004', '5518'),
('a0000000-0000-0000-0000-000000000004', '6618'),
('a0000000-0000-0000-0000-000000000004', '7718'),
('a0000000-0000-0000-0000-000000000004', '8818'),
('a0000000-0000-0000-0000-000000000004', '1119'),
('a0000000-0000-0000-0000-000000000004', '2219'),
('a0000000-0000-0000-0000-000000000004', '3319'),
('a0000000-0000-0000-0000-000000000004', '4419'),
('a0000000-0000-0000-0000-000000000004', '5519'),
('a0000000-0000-0000-0000-000000000004', '6619'),
('a0000000-0000-0000-0000-000000000004', '7719'),
('a0000000-0000-0000-0000-000000000004', '8819'),
('a0000000-0000-0000-0000-000000000004', '1120'),
('a0000000-0000-0000-0000-000000000004', '2220'),
('a0000000-0000-0000-0000-000000000004', '3320'),
('a0000000-0000-0000-0000-000000000004', '4420'),
('a0000000-0000-0000-0000-000000000004', '5520'),
('a0000000-0000-0000-0000-000000000004', '6620'),
('a0000000-0000-0000-0000-000000000004', '7720'),
('a0000000-0000-0000-0000-000000000004', '8820'),
('a0000000-0000-0000-0000-000000000004', '1121'),
('a0000000-0000-0000-0000-000000000004', '2221'),
('a0000000-0000-0000-0000-000000000004', '3321'),
('a0000000-0000-0000-0000-000000000004', '4421'),
('a0000000-0000-0000-0000-000000000004', '5521'),
('a0000000-0000-0000-0000-000000000004', '6621'),
('a0000000-0000-0000-0000-000000000004', '7721'),
('a0000000-0000-0000-0000-000000000004', '8821'),
('a0000000-0000-0000-0000-000000000004', '1122'),
('a0000000-0000-0000-0000-000000000004', '2222'),
('a0000000-0000-0000-0000-000000000004', '3322'),
('a0000000-0000-0000-0000-000000000004', '4422'),
('a0000000-0000-0000-0000-000000000004', '5522'),
('a0000000-0000-0000-0000-000000000004', '6622'),
('a0000000-0000-0000-0000-000000000004', '7722'),
('a0000000-0000-0000-0000-000000000004', '2223'),
('a0000000-0000-0000-0000-000000000004', '3323'),
('a0000000-0000-0000-0000-000000000004', '4423'),
('a0000000-0000-0000-0000-000000000004', '5523'),
('a0000000-0000-0000-0000-000000000004', '6623'),
('a0000000-0000-0000-0000-000000000004', '7723'),
('a0000000-0000-0000-0000-000000000004', '2224'),
('a0000000-0000-0000-0000-000000000004', '3324'),
('a0000000-0000-0000-0000-000000000004', '4424'),
('a0000000-0000-0000-0000-000000000004', '5524'),
('a0000000-0000-0000-0000-000000000004', '6624'),
('a0000000-0000-0000-0000-000000000004', '7724');

-- E Block (59 flats)
INSERT INTO flats (block_id, flat_number) VALUES
('a0000000-0000-0000-0000-000000000005', '1125'),
('a0000000-0000-0000-0000-000000000005', '2225'),
('a0000000-0000-0000-0000-000000000005', '3325'),
('a0000000-0000-0000-0000-000000000005', '4425'),
('a0000000-0000-0000-0000-000000000005', '5525'),
('a0000000-0000-0000-0000-000000000005', '6625'),
('a0000000-0000-0000-0000-000000000005', '7725'),
('a0000000-0000-0000-0000-000000000005', '1126'),
('a0000000-0000-0000-0000-000000000005', '2226'),
('a0000000-0000-0000-0000-000000000005', '3326'),
('a0000000-0000-0000-0000-000000000005', '4426'),
('a0000000-0000-0000-0000-000000000005', '5526'),
('a0000000-0000-0000-0000-000000000005', '6626'),
('a0000000-0000-0000-0000-000000000005', '7726'),
('a0000000-0000-0000-0000-000000000005', '1127'),
('a0000000-0000-0000-0000-000000000005', '2227'),
('a0000000-0000-0000-0000-000000000005', '3327'),
('a0000000-0000-0000-0000-000000000005', '4427'),
('a0000000-0000-0000-0000-000000000005', '5527'),
('a0000000-0000-0000-0000-000000000005', '6627'),
('a0000000-0000-0000-0000-000000000005', '7727'),
('a0000000-0000-0000-0000-000000000005', '1128'),
('a0000000-0000-0000-0000-000000000005', '2228'),
('a0000000-0000-0000-0000-000000000005', '3328'),
('a0000000-0000-0000-0000-000000000005', '4428'),
('a0000000-0000-0000-0000-000000000005', '5528'),
('a0000000-0000-0000-0000-000000000005', '6628'),
('a0000000-0000-0000-0000-000000000005', '7728'),
('a0000000-0000-0000-0000-000000000005', '1129'),
('a0000000-0000-0000-0000-000000000005', '2229'),
('a0000000-0000-0000-0000-000000000005', '3329'),
('a0000000-0000-0000-0000-000000000005', '4429'),
('a0000000-0000-0000-0000-000000000005', '5529'),
('a0000000-0000-0000-0000-000000000005', '6629'),
('a0000000-0000-0000-0000-000000000005', '7729'),
('a0000000-0000-0000-0000-000000000005', '8829'),
('a0000000-0000-0000-0000-000000000005', '1130'),
('a0000000-0000-0000-0000-000000000005', '2230'),
('a0000000-0000-0000-0000-000000000005', '3330'),
('a0000000-0000-0000-0000-000000000005', '4430'),
('a0000000-0000-0000-0000-000000000005', '5530'),
('a0000000-0000-0000-0000-000000000005', '6630'),
('a0000000-0000-0000-0000-000000000005', '7730'),
('a0000000-0000-0000-0000-000000000005', '8830'),
('a0000000-0000-0000-0000-000000000005', '1131'),
('a0000000-0000-0000-0000-000000000005', '2231'),
('a0000000-0000-0000-0000-000000000005', '3331'),
('a0000000-0000-0000-0000-000000000005', '4431'),
('a0000000-0000-0000-0000-000000000005', '5531'),
('a0000000-0000-0000-0000-000000000005', '6631'),
('a0000000-0000-0000-0000-000000000005', '7731'),
('a0000000-0000-0000-0000-000000000005', '8831'),
('a0000000-0000-0000-0000-000000000005', '1132'),
('a0000000-0000-0000-0000-000000000005', '2232'),
('a0000000-0000-0000-0000-000000000005', '3332'),
('a0000000-0000-0000-0000-000000000005', '4432'),
('a0000000-0000-0000-0000-000000000005', '5532'),
('a0000000-0000-0000-0000-000000000005', '6632'),
('a0000000-0000-0000-0000-000000000005', '7732');

-- ============================================================
-- COMMON AREAS
-- ============================================================

INSERT INTO common_areas (name, description) VALUES
('A02 Office room', 'Office room in A block'),
('A4 Common Bathroom', 'Common bathroom in A block'),
('D23 Party Hall etc.', 'Party hall and related areas in D block'),
('E26 Gardener use etc', 'Gardener water usage in E block'),
('E27 Swimming Pool etc', 'Swimming pool and related in E block'),
('E32 Basement etc', 'Basement water usage in E block');

-- ============================================================
-- WATER SOURCES
-- ============================================================

INSERT INTO water_sources (name, source_type, capacity_litres, cost_per_unit) VALUES
('Ablock New Borewell', 'borewell', NULL, NULL),
('A block Borewell', 'borewell', NULL, NULL),
('C block Borewell', 'borewell', NULL, NULL),
('D block Borewell', 'borewell', NULL, NULL),
('Regular Tanker', 'tanker', 12000, 2000),
('Kaveri Tanker', 'tanker', 12000, 1400);

-- ============================================================
-- BILLING CONFIG (slab definitions)
-- ============================================================

INSERT INTO billing_config (config_key, config_value, description) VALUES
('slab1_limit', 15000, 'Maximum litres for Slab 1 (base rate)'),
('slab2_limit', 20000, 'Maximum litres for Slab 2 (1.5x rate). Above this is Slab 3'),
('slab1_multiplier', 1.0, 'Cost multiplier for Slab 1'),
('slab2_multiplier', 1.5, 'Cost multiplier for Slab 2'),
('slab3_multiplier', 2.0, 'Cost multiplier for Slab 3'),
('reading_warning_decrease_pct', 0, 'Warn if reading decreased from previous (value below previous)'),
('reading_warning_increase_pct', 50, 'Warn if reading increased by more than this percentage compared to previous month');
